,PLAYER_ID,LEAGUE_ID,Team_ID,GP,GS,MIN,FGM,FGA,FG_PCT,FG3M,FG3A,FG3_PCT,FTM,FTA,FT_PCT,OREB,DREB,REB,AST,STL,BLK,TOV,PF,PTS
0,1630173,00,0,3,0,4.1,1.0,1.3,0.75,0.0,0.0,0.0,0.3,1.3,0.25,0.0,2.0,2.0,0.0,0.0,0.7,1.3,0.3,2.3
0,203500,00,0,59,41,27.3,3.4,5.5,0.627,0.0,0.1,0.0,1.3,2.5,0.534,2.8,4.7,7.5,0.8,0.5,1.0,1.0,2.6,8.2
0,1628389,00,0,28,23,32.1,5.6,10.4,0.538,0.0,0.1,0.0,3.7,5.1,0.725,2.5,6.5,9.0,3.6,0.9,0.7,2.1,2.8,14.9
0,200746,00,0,72,72,37.1,8.1,17.8,0.455,0.2,0.7,0.327,4.3,5.2,0.824,2.5,6.0,8.5,1.7,0.7,1.4,1.6,2.7,20.8
0,1628960,00,0,7,0,18.5,2.0,5.7,0.35,1.1,3.4,0.333,0.7,1.1,0.625,0.4,1.6,2.0,0.1,0.3,0.1,0.1,1.9,5.9
0,1628386,00,0,9,9,26.9,3.7,6.2,0.589,0.0,0.0,0.0,3.3,4.0,0.833,3.6,6.8,10.3,2.2,0.6,1.1,2.1,2.2,10.7
0,203937,00,0,35,7,15.4,2.1,4.3,0.49,0.2,0.8,0.241,0.6,0.7,0.769,0.7,2.4,3.1,1.5,1.0,0.2,0.5,1.1,5.0
0,203507,00,0,64,64,36.2,9.8,18.2,0.536,0.8,3.0,0.274,5.5,9.0,0.613,2.4,9.2,11.6,4.9,1.1,1.4,3.0,3.2,25.9
0,203648,00,0,13,0,3.4,0.2,0.5,0.286,0.0,0.0,0.0,0.4,0.5,0.833,0.2,0.5,0.8,0.2,0.4,0.2,0.2,0.9,0.7
0,2546,00,0,83,77,37.2,8.1,19.4,0.414,1.2,3.8,0.324,5.7,6.9,0.826,1.8,4.9,6.7,2.5,1.2,0.3,2.6,3.6,23.1
0,1628384,00,0,21,21,30.0,3.3,6.7,0.493,1.4,3.3,0.429,1.2,1.9,0.667,1.7,3.0,4.6,1.0,0.8,0.8,1.0,2.4,9.2
0,201571,00,0,38,6,21.0,2.4,6.5,0.368,1.2,3.1,0.39,2.2,2.5,0.874,0.2,1.0,1.2,2.4,0.4,0.1,1.1,1.6,8.2
0,1629028,00,0,22,22,36.4,7.0,10.6,0.658,0.0,0.0,0.0,1.8,2.4,0.736,3.0,8.8,11.8,1.1,0.8,1.1,1.3,2.9,15.8
0,1628962,00,0,1,0,1.2,0.0,0.0,0.0,0.0,0.0,0.0,0.0,0.0,0.0,0.0,1.0,1.0,0.0,0.0,0.0,0.0,0.0,0.0
0,1630217,00,0,5,0,19.8,2.2,3.8,0.579,1.2,2.4,0.5,0.0,0.0,0.0,0.4,3.0,3.4,2.0,0.8,0.4,0.6,1.2,5.6
0,203084,00,0,64,56,31.9,4.1,9.7,0.419,1.2,3.3,0.355,1.4,1.9,0.756,1.5,3.6,5.1,1.3,0.7,0.4,1.0,2.1,10.7
0,1629628,00,0,5,5,32.3,5.2,13.4,0.388,1.6,5.6,0.286,2.4,3.0,0.8,0.8,6.4,7.2,3.0,0.8,0.4,0.4,2.2,14.4
0,203115,00,0,24,4,20.5,3.5,8.8,0.392,1.2,3.6,0.322,1.1,1.5,0.75,0.9,3.0,3.8,1.5,0.3,0.5,1.0,1.3,9.2
0,1628966,00,0,5,0,4.7,0.2,1.0,0.2,0.0,0.0,0.0,0.2,0.4,0.5,0.6,0.6,1.2,0.2,0.0,0.0,0.0,0.0,0.6
0,201587,00,0,58,39,29.6,3.5,7.9,0.441,1.5,4.2,0.352,1.2,1.4,0.807,0.7,4.1,4.9,2.4,0.9,0.4,1.2,1.7,9.6
0,203145,00,0,41,12,19.4,2.3,6.2,0.379,0.7,2.8,0.254,1.1,1.7,0.648,0.4,3.2,3.6,1.3,0.8,0.5,1.0,1.4,6.5
0,1629647,00,0,7,0,18.0,1.9,4.4,0.419,1.6,3.1,0.5,1.3,1.4,0.9,0.3,6.4,6.7,0.9,0.0,0.4,0.9,0.3,6.6
0,203078,00,0,45,45,39.8,8.5,19.3,0.442,2.3,6.5,0.347,4.2,5.1,0.829,1.2,3.4,4.6,3.8,1.5,0.6,2.5,2.5,23.5
0,1627736,00,0,14,0,20.1,2.6,6.6,0.387,1.4,3.4,0.404,1.6,2.2,0.71,0.8,2.6,3.4,1.0,0.2,0.1,0.5,1.4,8.1
0,202722,00,0,27,2,14.0,1.1,3.2,0.356,0.8,2.6,0.314,0.8,1.1,0.759,0.2,1.6,1.9,0.6,0.2,0.3,0.3,1.4,3.9
0,201976,00,0,59,48,26.1,2.9,7.0,0.412,1.2,3.4,0.363,0.9,1.1,0.81,1.3,3.2,4.5,2.4,0.9,0.5,0.9,3.2,7.9
0,203920,00,0,10,0,18.1,1.7,3.2,0.531,0.0,0.0,0.0,1.6,1.8,0.889,1.8,3.8,5.6,1.1,0.2,0.5,1.1,1.9,5.0
0,202687,00,0,23,11,24.1,1.9,3.2,0.581,0.0,0.0,0.0,2.0,3.4,0.577,2.5,6.1,8.6,0.4,0.3,1.3,0.9,2.3,5.7
0,202357,00,0,7,0,11.0,1.7,3.9,0.444,1.1,2.1,0.533,1.3,1.9,0.692,0.7,2.1,2.9,0.7,0.7,0.1,0.1,1.6,5.9
0,202339,00,0,48,31,25.0,4.2,9.6,0.441,0.8,3.0,0.254,1.9,2.6,0.712,0.9,2.5,3.4,3.8,1.0,0.5,1.9,2.1,11.1
0,1629833,00,0,2,0,1.9,0.5,1.0,0.5,0.0,0.5,0.0,0.0,0.0,0.0,0.0,0.0,0.0,0.0,0.0,0.0,0.0,0.5,1.0
0,203992,00,0,18,18,33.2,5.4,13.8,0.39,2.6,7.9,0.329,0.7,0.9,0.706,0.6,3.6,4.2,2.9,1.6,0.3,1.5,2.8,14.1
0,202711,00,0,41,27,30.4,4.4,10.4,0.422,2.1,5.4,0.389,2.2,2.6,0.832,0.6,3.7,4.2,1.4,0.8,0.1,1.4,2.1,13.0
0,1629626,00,0,7,0,3.9,0.7,1.4,0.5,0.3,0.6,0.5,1.0,1.1,0.875,0.4,0.4,0.9,0.3,0.3,0.3,0.3,0.1,2.7
0,1629067,00,0,4,0,2.4,0.0,1.3,0.0,0.0,0.8,0.0,0.0,0.0,0.0,0.0,0.0,0.0,0.0,0.0,0.3,0.0,0.0,0.0
0,1626164,00,0,22,22,40.4,9.6,21.5,0.447,2.0,6.2,0.321,6.0,6.7,0.905,0.7,5.0,5.6,4.5,0.8,0.2,3.7,3.5,27.3
0,1628449,00,0,9,0,5.2,0.6,1.8,0.313,0.3,0.9,0.375,0.0,0.2,0.0,0.3,1.1,1.4,0.1,0.0,0.3,0.1,0.6,1.4
0,202340,00,0,39,39,32.1,4.8,11.5,0.42,1.4,4.4,0.312,1.2,1.5,0.78,0.7,2.4,3.1,1.6,1.2,0.3,1.4,2.2,12.2
0,1628396,00,0,7,0,7.2,0.4,1.6,0.273,0.0,0.0,0.0,0.7,1.0,0.714,1.6,1.9,3.4,0.1,0.3,0.3,0.6,0.6,1.6
0,1628969,00,0,22,22,32.1,4.2,8.6,0.484,1.6,4.3,0.368,1.1,1.3,0.893,0.9,3.4,4.3,1.6,1.0,0.7,0.7,1.9,11.1
0,1627763,00,0,24,17,30.3,4.5,10.5,0.423,1.6,4.2,0.376,1.7,2.0,0.816,0.5,3.7,4.2,4.3,0.5,0.1,1.8,2.2,12.2
0,1628415,00,0,5,5,34.9,10.0,19.4,0.515,1.6,4.0,0.4,4.2,5.2,0.808,1.0,3.2,4.2,2.2,1.4,0.4,1.8,3.4,25.8
0,1628971,00,0,16,7,20.9,2.8,5.8,0.484,0.2,1.0,0.188,0.9,1.1,0.833,1.5,2.8,4.3,1.7,0.6,0.4,0.8,2.4,6.8
0,1627759,00,0,61,41,28.6,5.6,11.7,0.476,1.7,4.8,0.359,2.0,2.6,0.745,1.0,4.0,5.0,1.4,0.9,0.4,1.5,2.7,14.8
0,1628425,00,0,15,5,11.9,1.2,2.9,0.409,0.5,1.7,0.32,0.5,0.7,0.727,0.3,1.9,2.2,1.3,0.5,0.2,0.5,1.3,3.5
0,1628973,00,0,7,0,16.3,2.9,6.3,0.455,0.9,1.9,0.462,1.4,1.9,0.769,0.9,1.7,2.6,1.4,0.0,0.0,0.6,0.9,8.0
0,203493,00,0,9,5,21.1,2.3,5.1,0.457,1.3,3.6,0.375,0.4,0.6,0.8,0.6,1.6,2.1,1.1,0.4,0.1,0.4,1.4,6.4
0,203504,00,0,11,3,17.5,2.7,6.4,0.429,0.7,2.0,0.364,0.6,1.1,0.583,0.3,1.5,1.8,1.6,0.7,0.2,0.5,1.5,6.8
0,202692,00,0,22,0,18.5,3.5,9.0,0.391,0.9,2.8,0.323,2.1,2.6,0.807,0.9,2.5,3.4,1.8,0.4,0.2,0.8,1.4,10.0
0,202710,00,0,80,77,37.6,6.0,13.6,0.442,1.2,3.4,0.346,5.2,6.3,0.836,1.5,4.4,5.8,4.3,1.6,0.5,1.9,1.9,18.5
0,203484,00,0,30,30,30.5,3.7,8.9,0.418,2.0,5.5,0.37,1.1,1.3,0.821,0.4,2.1,2.5,1.5,1.1,0.2,0.6,2.1,10.6
0,1630267,00,0,10,9,27.0,2.9,7.4,0.392,1.9,4.8,0.396,1.6,1.9,0.842,0.7,2.3,3.0,4.1,1.4,0.4,1.5,3.5,9.3
0,1628427,00,0,5,0,4.2,0.6,0.6,1.0,0.2,0.2,1.0,0.8,1.0,0.8,0.0,0.6,0.6,0.2,0.2,0.2,0.2,0.0,2.2
0,203991,00,0,79,57,23.7,3.7,6.1,0.605,0.0,0.0,0.0,1.3,2.6,0.49,2.7,5.8,8.5,0.9,0.5,1.3,0.8,2.1,8.7
0,1628975,00,0,7,0,3.1,0.4,1.1,0.375,0.0,0.3,0.0,0.0,0.3,0.0,0.0,0.3,0.3,0.6,0.0,0.0,0.0,0.0,0.9
0,1627936,00,0,27,1,23.4,2.3,5.6,0.411,0.8,2.9,0.282,1.0,1.2,0.813,0.6,1.4,2.1,2.3,0.9,0.6,1.4,2.5,6.4
0,1629185,00,0,10,0,8.3,1.0,3.1,0.323,0.6,1.9,0.316,0.2,0.4,0.5,0.1,0.6,0.7,1.8,0.6,0.0,0.4,0.9,2.8
0,1629109,00,0,7,5,21.0,1.6,4.7,0.333,1.6,4.6,0.344,0.6,0.7,0.8,0.6,3.6,4.1,1.0,0.7,0.3,0.3,1.0,5.3
0,1629634,00,0,2,0,4.7,0.5,1.0,0.5,0.0,0.0,0.0,0.0,0.0,0.0,0.0,0.5,0.5,0.0,0.0,0.5,0.0,0.0,1.0
0,203903,00,0,37,0,21.2,4.0,10.4,0.387,1.7,5.2,0.323,1.1,1.1,0.952,0.5,2.0,2.4,1.2,0.6,0.2,1.2,1.4,10.8
0,1629651,00,0,12,0,10.8,1.2,2.4,0.483,0.0,0.0,0.0,0.2,0.3,0.667,1.2,1.6,2.8,0.6,0.3,1.0,0.3,1.7,2.5
0,1629599,00,0,13,0,1.8,0.2,0.5,0.429,0.1,0.2,0.5,0.2,0.2,0.667,0.0,0.2,0.2,0.4,0.2,0.0,0.1,0.0,0.7
0,1628381,00,0,18,18,32.0,5.6,10.1,0.549,1.1,3.1,0.357,1.7,2.0,0.833,2.0,6.7,8.7,0.9,0.4,0.6,1.3,3.3,13.9
0,1628380,00,0,20,0,17.2,2.6,5.6,0.468,0.5,1.8,0.286,1.2,1.5,0.793,1.0,2.5,3.5,1.0,0.5,1.2,1.1,3.2,6.9
0,201144,00,0,67,67,36.3,5.7,13.6,0.42,1.6,4.4,0.363,3.7,4.6,0.808,0.5,3.1,3.6,6.7,1.3,0.2,2.1,2.3,16.7
0,1626192,00,0,61,1,18.6,1.9,4.3,0.454,1.0,2.9,0.358,0.4,0.5,0.786,0.8,3.2,4.0,1.0,0.3,0.4,0.4,1.2,5.3
0,1629076,00,0,1,0,4.2,0.0,0.0,0.0,0.0,0.0,0.0,0.0,0.0,0.0,0.0,2.0,2.0,0.0,0.0,0.0,0.0,0.0,0.0
0,202326,00,0,15,5,12.8,2.7,6.3,0.421,0.5,1.5,0.318,1.8,2.6,0.692,1.0,2.5,3.5,1.6,0.5,0.6,1.6,2.5,7.6
0,203496,00,0,28,26,31.7,3.3,7.6,0.43,2.1,4.9,0.435,1.0,1.2,0.818,1.0,4.7,5.7,1.7,1.8,1.0,1.1,3.4,9.7
0,1628470,00,0,55,14,17.7,1.8,4.0,0.441,0.8,2.1,0.374,0.5,0.8,0.619,1.0,2.6,3.6,0.6,0.3,0.4,0.5,2.1,4.8
0,203109,00,0,94,73,30.0,3.6,9.1,0.395,2.0,5.8,0.343,1.6,2.1,0.775,0.7,4.9,5.6,1.9,0.9,0.5,0.8,2.7,10.9
0,203552,00,0,34,12,25.9,4.3,8.3,0.518,2.1,4.5,0.468,0.9,1.0,0.829,0.3,1.6,1.9,1.4,0.8,0.2,0.7,2.2,11.6
0,201939,00,0,112,110,37.8,8.7,19.4,0.45,4.2,10.5,0.401,4.8,5.3,0.906,0.8,4.6,5.4,6.3,1.6,0.3,3.5,2.5,26.5
0,203076,00,0,39,39,37.0,9.8,18.3,0.538,0.8,2.4,0.326,6.9,8.2,0.838,2.4,7.9,10.3,2.8,1.3,1.8,2.4,2.7,27.3
0,202334,00,0,33,0,11.8,1.2,2.5,0.5,0.0,0.1,0.0,0.8,1.3,0.568,1.4,3.2,4.6,0.5,0.1,0.4,0.5,1.8,3.2
0,1629056,00,0,6,0,14.0,2.3,4.8,0.483,1.3,3.2,0.421,1.2,1.2,1.0,0.3,1.8,2.2,1.2,0.2,0.0,1.0,1.8,7.2
0,201942,00,0,58,58,37.3,7.8,18.8,0.418,0.4,1.8,0.233,5.8,6.8,0.851,0.7,3.9,4.6,3.6,1.1,0.2,2.3,2.6,21.9
0,203473,00,0,16,3,9.6,1.5,2.6,0.585,0.1,0.2,0.333,1.3,2.3,0.568,1.8,2.3,4.1,0.4,0.1,0.3,0.9,1.6,4.4
0,1628978,00,0,13,4,18.1,2.0,5.2,0.388,0.7,2.5,0.273,1.0,1.5,0.65,0.8,3.2,3.9,1.5,0.8,0.3,1.2,1.9,5.7
0,1628977,00,0,3,0,8.4,1.3,3.7,0.364,0.3,1.7,0.2,1.3,2.3,0.571,0.7,1.3,2.0,0.3,0.0,0.7,0.7,0.0,4.3
0,203476,00,0,5,0,14.1,1.2,3.6,0.333,0.4,1.0,0.4,0.6,0.8,0.75,0.6,3.0,3.6,0.8,0.4,0.8,0.2,1.2,3.4
0,203915,00,0,6,0,22.2,4.7,10.5,0.444,1.5,4.0,0.375,1.7,2.3,0.714,0.7,1.5,2.2,1.5,0.3,0.0,1.3,1.7,12.5
0,1629029,00,0,13,13,38.1,12.3,24.9,0.494,3.6,9.2,0.392,5.3,8.8,0.6,0.6,8.2,8.8,9.5,1.2,0.5,4.8,2.6,33.5
0,1629652,00,0,6,6,29.2,4.5,12.7,0.355,2.2,8.3,0.26,1.3,2.5,0.533,0.8,2.8,3.7,1.0,0.3,1.0,2.5,4.2,12.5
0,201609,00,0,56,37,27.4,5.6,12.6,0.442,1.5,4.3,0.346,2.3,3.0,0.763,0.7,2.7,3.3,3.6,0.6,0.1,1.9,2.5,14.9
0,203083,00,0,13,13,28.0,5.5,10.8,0.507,0.0,0.2,0.0,2.1,5.0,0.415,3.9,7.1,11.0,0.7,0.8,1.1,2.0,2.8,13.0
0,201142,00,0,151,151,40.3,10.0,20.9,0.478,2.2,6.3,0.357,7.3,8.4,0.865,0.8,7.0,7.8,4.0,1.0,1.2,3.2,2.5,29.5
0,1629035,00,0,3,0,3.0,0.7,1.0,0.667,0.3,0.7,0.5,0.0,0.0,0.0,0.0,0.7,0.7,0.0,0.0,0.0,0.0,0.0,1.7
0,1629604,00,0,2,0,4.0,0.0,0.5,0.0,0.0,0.0,0.0,0.0,0.0,0.0,0.5,1.0,1.5,0.5,0.0,0.0,0.5,0.0,0.0
0,201961,00,0,11,4,22.3,2.3,6.9,0.329,1.9,5.3,0.362,0.6,0.6,1.0,0.4,1.9,2.3,0.9,0.5,0.2,0.6,1.3,7.1
0,203954,00,0,34,34,32.8,7.7,16.7,0.463,1.2,3.7,0.32,7.5,9.4,0.803,2.1,9.1,11.2,3.0,0.9,1.8,3.7,3.4,24.2
0,202324,00,0,42,14,20.8,3.1,5.4,0.587,0.0,0.2,0.25,1.5,2.7,0.549,2.0,3.7,5.7,0.8,0.6,1.0,0.7,2.1,7.8
0,1628981,00,0,6,0,1.9,0.3,0.5,0.667,0.0,0.0,0.0,0.3,0.3,1.0,0.2,0.0,0.2,0.0,0.0,0.0,0.0,0.0,1.0
0,1627827,00,0,13,13,35.5,3.8,8.9,0.422,2.1,5.2,0.403,0.6,0.8,0.8,2.2,3.9,6.2,2.6,1.2,0.4,1.6,3.5,10.2
0,1627854,00,0,37,7,16.6,2.3,5.6,0.408,1.4,3.7,0.377,0.6,0.8,0.767,0.1,1.6,1.7,0.5,0.1,0.1,0.3,1.0,6.6
0,1630235,00,0,4,0,2.4,0.5,1.0,0.5,0.0,0.0,0.0,0.0,0.0,0.0,0.0,0.0,0.0,0.0,0.0,0.0,0.0,0.0,1.0
0,203095,00,0,19,19,29.8,4.1,10.8,0.374,1.7,5.6,0.308,1.8,2.4,0.778,0.6,2.3,2.8,1.8,1.1,0.2,1.7,2.6,11.7
0,1628982,00,0,3,0,4.9,0.7,1.7,0.4,0.0,0.0,0.0,0.3,0.7,0.5,0.3,1.0,1.3,0.0,0.3,0.0,0.0,0.0,1.7
0,1628365,00,0,8,5,21.2,3.1,8.4,0.373,0.8,2.0,0.375,1.1,1.4,0.818,0.0,1.8,1.8,3.9,0.9,0.4,1.8,3.0,8.1
0,1629117,00,0,4,2,13.3,2.3,3.8,0.6,0.5,1.3,0.4,0.3,0.5,0.5,1.8,0.8,2.5,1.0,0.5,0.5,1.3,4.0,5.3
0,1629655,00,0,5,2,23.4,4.4,5.2,0.846,0.0,0.0,0.0,3.0,4.8,0.625,2.8,3.0,5.8,0.6,1.0,2.0,0.6,3.4,11.8
0,201568,00,0,43,25,28.5,4.6,11.7,0.394,1.6,4.7,0.347,3.3,3.7,0.894,0.7,3.9,4.6,1.5,0.7,0.2,1.3,2.4,14.2
0,200752,00,0,19,11,32.5,5.4,13.1,0.41,0.8,2.9,0.286,2.7,3.5,0.788,1.7,4.8,6.5,1.7,1.1,0.4,1.9,2.3,14.3
0,202331,00,0,108,108,39.1,6.9,16.2,0.424,2.4,6.8,0.351,5.2,6.3,0.825,1.0,6.6,7.5,4.1,1.5,0.5,3.1,3.3,21.3
0,201959,00,0,71,20,22.3,3.2,6.1,0.519,0.0,0.0,0.0,1.5,2.1,0.709,1.9,2.9,4.9,0.6,0.4,1.0,0.9,2.5,7.8
0,1628983,00,0,13,13,34.7,5.2,11.5,0.447,1.8,4.1,0.434,3.0,3.3,0.907,0.5,3.5,4.1,3.7,1.0,0.6,1.5,2.6,15.1
0,1630264,00,0,4,0,8.2,0.0,0.8,0.0,0.0,0.3,0.0,0.0,0.0,0.0,0.3,0.8,1.0,0.0,0.0,0.0,0.8,1.8,0.0
0,203497,00,0,43,43,33.2,5.2,7.8,0.665,0.0,0.0,0.0,3.3,5.6,0.59,3.6,7.4,11.0,1.1,0.7,1.9,1.5,3.5,13.6
0,203932,00,0,15,15,30.8,4.8,10.7,0.447,1.1,2.9,0.395,1.7,2.9,0.591,2.1,3.9,6.0,2.5,0.7,0.3,1.8,2.6,12.5
0,201569,00,0,55,31,34.0,5.5,13.3,0.413,2.7,7.6,0.36,2.3,2.8,0.837,0.5,2.4,2.9,2.1,0.7,0.6,1.8,2.0,16.0
0,203924,00,0,35,21,30.6,3.7,8.0,0.456,1.3,3.7,0.341,1.9,2.4,0.8,0.8,2.9,3.7,1.1,0.5,0.9,1.1,2.7,10.5
0,201980,00,0,153,147,25.6,2.9,7.1,0.405,1.8,4.8,0.387,0.5,0.6,0.753,0.7,2.6,3.2,1.2,1.1,0.8,0.8,2.1,8.1
0,203110,00,0,123,109,35.6,4.4,9.9,0.445,1.2,3.7,0.315,2.5,3.4,0.737,1.8,7.6,9.3,6.1,1.6,1.5,2.6,3.7,12.5
0,203210,00,0,44,5,17.1,2.3,4.6,0.507,0.8,1.9,0.417,0.7,0.9,0.795,1.0,2.9,3.9,0.6,0.3,0.3,0.6,2.2,6.2
0,1629750,00,0,1,0,5.7,1.0,2.0,0.5,1.0,2.0,0.5,0.0,0.0,0.0,0.0,1.0,1.0,0.0,0.0,0.0,0.0,1.0,3.0
0,201145,00,0,78,18,27.2,3.4,8.2,0.414,1.1,3.0,0.37,2.0,2.6,0.776,0.6,3.1,3.7,1.4,0.5,0.5,1.2,2.1,9.9
0,1630182,00,0,1,0,4.2,0.0,0.0,0.0,0.0,0.0,0.0,0.0,0.0,0.0,0.0,0.0,0.0,0.0,0.0,0.0,0.0,0.0,0.0
0,201933,00,0,65,64,33.7,7.3,14.8,0.494,0.4,1.1,0.375,3.9,5.3,0.729,2.0,6.0,8.0,3.6,1.0,0.8,2.2,3.4,18.9
0,1629060,00,0,5,5,34.6,5.8,9.4,0.617,1.8,3.0,0.6,1.4,2.4,0.583,1.0,6.2,7.2,1.0,0.4,0.2,1.0,3.6,14.8
0,203501,00,0,28,19,26.9,4.1,10.9,0.382,2.0,6.0,0.329,1.3,1.9,0.692,0.4,2.1,2.5,1.3,0.3,0.0,0.8,1.7,11.5
0,201935,00,0,137,94,35.4,7.0,16.3,0.428,2.5,7.5,0.332,6.9,7.9,0.868,0.7,4.7,5.5,6.0,1.7,0.5,3.4,3.1,23.3
0,203090,00,0,33,32,24.6,3.5,8.1,0.436,0.8,2.7,0.289,1.3,2.1,0.609,1.8,2.8,4.7,1.1,1.0,0.8,0.9,3.4,9.1
0,1626149,00,0,30,0,15.8,3.4,5.5,0.624,0.0,0.2,0.143,2.3,3.7,0.631,1.0,2.0,3.0,0.7,0.3,0.4,0.8,1.9,9.2
0,203914,00,0,28,26,32.0,3.8,8.9,0.431,1.4,3.9,0.358,1.8,2.1,0.833,0.6,2.5,3.1,2.0,1.0,0.4,1.1,3.0,10.8
0,203925,00,0,25,19,26.9,3.2,7.8,0.405,1.8,4.7,0.381,0.6,0.8,0.8,0.5,2.9,3.4,1.0,0.3,0.1,0.9,2.2,8.8
0,202699,00,0,32,32,37.1,6.9,15.3,0.451,1.4,4.2,0.331,2.6,3.1,0.857,1.3,7.7,9.0,3.7,0.9,0.5,1.5,2.5,17.8
0,1628392,00,0,2,0,1.1,1.0,1.0,1.0,0.0,0.0,0.0,0.0,0.0,0.0,0.5,0.0,0.5,0.0,0.0,0.0,0.0,0.5,2.0
0,2617,00,0,147,84,21.7,2.3,4.7,0.48,0.0,0.0,0.0,1.1,1.6,0.713,1.6,4.0,5.6,0.6,0.4,0.3,0.8,2.6,5.7
0,202330,00,0,29,16,33.0,4.8,11.8,0.405,1.6,4.4,0.352,3.9,4.1,0.95,0.5,4.1,4.6,2.9,0.9,0.3,1.7,1.8,15.0
0,1627823,00,0,5,0,2.9,0.2,0.6,0.333,0.2,0.4,0.5,0.0,0.0,0.0,0.0,0.6,0.6,0.0,0.0,0.0,0.2,0.4,0.6
0,1629639,00,0,25,5,32.0,5.3,12.6,0.419,2.2,5.9,0.367,2.2,2.4,0.885,0.3,4.5,4.8,3.4,0.4,0.1,1.8,1.3,14.9
0,201588,00,0,139,91,30.7,3.8,8.5,0.453,1.3,3.4,0.372,2.5,3.1,0.801,0.7,2.3,3.0,2.6,0.9,0.2,1.3,2.2,11.4
0,1628988,00,0,7,2,12.2,2.0,3.7,0.538,0.7,1.6,0.455,0.4,0.7,0.6,0.1,0.6,0.7,1.4,0.6,0.0,0.7,1.9,5.1
0,201950,00,0,53,50,37.7,6.6,15.4,0.431,1.7,5.0,0.342,2.2,2.8,0.772,1.2,3.8,5.0,6.9,1.5,0.5,2.3,2.0,17.1
0,203200,00,0,9,2,15.8,1.2,2.6,0.478,1.0,1.9,0.529,0.1,0.3,0.333,0.4,1.3,1.8,0.4,0.7,0.6,0.6,1.0,3.6
0,1626158,00,0,3,0,3.6,0.0,0.3,0.0,0.0,0.0,0.0,0.0,0.0,0.0,0.0,0.3,0.3,0.3,0.0,0.0,0.0,1.0,0.0
0,203918,00,0,44,1,20.7,2.9,7.0,0.416,0.8,2.8,0.28,1.3,1.7,0.757,0.4,1.8,2.2,1.0,0.4,0.2,0.7,2.0,7.9
0,201143,00,0,124,122,34.6,5.5,11.0,0.501,0.6,1.5,0.402,1.9,2.4,0.778,2.0,6.2,8.1,3.5,0.8,1.2,1.6,2.5,13.6
0,1629659,00,0,6,0,10.9,2.8,6.0,0.472,0.5,1.7,0.3,0.5,0.8,0.6,0.3,2.8,3.2,0.3,0.5,0.0,0.5,1.2,6.7
0,1627863,00,0,16,4,26.2,3.0,7.6,0.393,1.7,5.3,0.321,0.9,1.3,0.667,0.8,3.9,4.6,0.9,0.7,0.1,0.7,2.1,8.6
0,2730,00,0,125,102,31.6,5.4,9.2,0.589,0.0,0.1,0.143,4.4,8.0,0.548,3.5,8.3,11.8,1.2,0.8,2.0,2.6,3.7,15.3
0,1630210,00,0,9,0,12.4,1.7,4.1,0.405,1.2,2.9,0.423,0.1,0.2,0.5,0.1,0.7,0.8,0.4,0.0,0.1,0.0,1.1,4.7
0,1628989,00,0,18,10,31.0,4.3,10.0,0.428,1.8,5.3,0.347,0.7,0.9,0.706,0.6,3.2,3.8,2.8,0.8,0.9,1.1,2.7,11.1
0,1629631,00,0,5,5,30.3,3.6,9.0,0.4,1.2,3.2,0.375,2.4,3.2,0.75,0.4,3.6,4.0,0.6,0.2,0.6,1.4,2.2,10.8
0,201586,00,0,146,102,28.1,4.5,8.9,0.502,0.6,1.7,0.387,1.4,1.8,0.792,1.9,4.7,6.5,0.7,0.4,2.0,1.0,3.1,11.0
0,2738,00,0,170,81,30.6,3.5,7.7,0.458,1.1,3.0,0.355,1.6,2.7,0.582,1.0,3.5,4.5,3.6,1.3,0.5,1.4,2.0,9.7
0,204060,00,0,45,40,31.3,3.4,7.8,0.439,2.1,5.4,0.392,0.7,1.0,0.733,0.3,3.5,3.8,3.8,1.1,0.2,1.4,2.3,9.8
0,202681,00,0,70,70,36.4,8.6,18.9,0.455,2.3,6.0,0.393,3.9,4.4,0.883,0.8,2.8,3.6,4.8,1.4,0.6,2.2,2.3,23.4
0,1628371,00,0,5,5,27.3,2.2,8.0,0.275,0.8,4.0,0.2,1.4,1.6,0.875,2.0,4.2,6.2,0.4,0.4,1.0,1.0,1.8,6.6
0,202704,00,0,69,39,28.2,4.8,10.1,0.469,1.8,4.5,0.392,1.6,1.8,0.888,0.5,2.9,3.4,3.3,0.6,0.2,1.6,2.5,12.9
0,1628991,00,0,5,5,27.5,4.6,10.8,0.426,1.6,5.6,0.286,2.8,3.2,0.875,1.8,3.8,5.6,1.0,1.0,1.2,0.8,4.2,13.6
0,2544,00,0,266,266,41.5,10.2,20.7,0.495,1.6,4.8,0.337,6.6,8.9,0.74,1.5,7.5,9.0,7.2,1.7,0.9,3.7,2.3,28.7
0,1630198,00,0,4,0,2.4,0.3,0.8,0.333,0.0,0.5,0.0,0.0,0.0,0.0,0.0,0.0,0.0,0.3,0.0,0.0,0.0,0.5,0.5
0,1629661,00,0,21,0,21.1,2.6,5.2,0.5,1.6,3.5,0.446,1.4,1.5,0.906,0.8,2.4,3.1,0.8,0.9,0.2,0.7,1.3,8.2
0,1626169,00,0,7,0,14.5,2.4,4.9,0.5,1.1,2.1,0.533,0.4,0.4,1.0,0.1,2.7,2.9,0.9,0.1,0.0,0.6,1.9,6.4
0,203999,00,0,43,43,37.1,9.9,19.3,0.512,2.0,4.8,0.406,4.1,4.9,0.84,3.0,8.3,11.3,6.4,1.0,0.9,2.8,3.4,25.9
0,1627745,00,0,12,1,3.3,0.4,0.8,0.5,0.0,0.0,0.0,0.3,0.6,0.571,0.4,0.5,0.9,0.0,0.2,0.1,0.3,0.8,1.2
0,1626145,00,0,9,0,11.3,0.9,2.7,0.333,0.1,0.7,0.167,0.2,0.2,1.0,0.1,1.7,1.8,1.6,0.2,0.0,0.1,0.1,2.1
0,1627884,00,0,17,0,6.3,0.6,1.3,0.455,0.2,0.6,0.364,0.1,0.3,0.4,0.4,0.4,0.7,0.4,0.4,0.3,0.1,0.8,1.5
0,201599,00,0,57,57,31.2,3.5,5.4,0.662,0.0,0.0,0.0,2.7,6.7,0.404,3.2,8.2,11.3,0.8,0.8,2.0,1.4,3.0,9.8
0,202709,00,0,82,2,14.6,2.1,4.5,0.461,0.3,1.0,0.325,0.7,1.0,0.759,0.3,1.2,1.5,1.7,0.5,0.1,0.7,1.3,5.2
0,1628379,00,0,19,2,18.5,2.8,5.9,0.482,1.6,3.5,0.455,0.3,0.4,0.75,0.3,1.3,1.6,0.7,0.3,0.1,0.3,1.1,7.6
0,1628467,00,0,13,10,30.1,1.9,5.3,0.362,1.0,3.5,0.283,1.1,1.5,0.737,1.2,3.8,4.9,1.5,0.4,0.5,0.4,3.0,5.9
0,1630233,00,0,6,0,2.3,0.3,1.2,0.286,0.0,0.3,0.0,0.0,0.3,0.0,0.0,1.0,1.0,0.0,0.0,0.3,0.0,0.3,0.7
0,1628995,00,0,1,0,3.5,0.0,0.0,0.0,0.0,0.0,0.0,2.0,2.0,1.0,0.0,1.0,1.0,1.0,0.0,1.0,0.0,0.0,2.0
0,1629723,00,0,1,0,2.8,0.0,1.0,0.0,0.0,1.0,0.0,0.0,0.0,0.0,0.0,1.0,1.0,0.0,0.0,1.0,0.0,0.0,0.0
0,1627788,00,0,21,4,13.0,1.8,4.7,0.374,0.9,2.8,0.305,0.8,1.1,0.708,0.2,1.5,1.7,0.7,0.4,0.2,0.4,0.9,5.2
0,1628436,00,0,2,0,2.7,0.5,0.5,1.0,0.0,0.0,0.0,0.5,1.0,0.5,0.0,1.5,1.5,0.0,0.0,0.0,0.0,0.0,1.5
0,1628398,00,0,27,0,22.7,3.4,8.4,0.401,1.1,3.9,0.283,1.3,1.7,0.761,0.8,2.4,3.3,0.9,0.3,0.3,1.0,2.1,9.1
0,203087,00,0,14,0,8.0,1.6,3.6,0.431,0.2,1.1,0.2,0.3,0.3,1.0,0.4,1.1,1.4,0.6,0.5,0.1,0.2,0.6,3.6
0,1629641,00,0,11,2,14.1,1.5,3.8,0.405,0.6,1.7,0.368,0.5,0.5,0.833,0.5,0.7,1.2,0.6,0.4,0.2,0.3,0.5,4.2
0,1627774,00,0,9,0,4.9,0.7,1.6,0.429,0.1,0.7,0.167,0.4,0.7,0.667,0.1,0.6,0.7,0.2,0.3,0.0,0.0,0.6,1.9
0,1627747,00,0,9,6,31.5,7.0,16.2,0.432,2.3,5.2,0.447,4.3,6.0,0.722,1.6,3.7,5.2,5.9,1.1,0.3,2.6,1.7,20.7
0,203458,00,0,5,3,8.4,1.6,2.8,0.571,0.0,0.0,0.0,0.8,1.4,0.571,0.8,1.4,2.2,0.4,0.2,0.0,0.2,1.6,4.0
0,202695,00,0,135,135,35.5,7.5,14.8,0.511,1.7,4.2,0.399,4.4,5.3,0.844,1.8,6.0,7.9,2.8,1.8,0.7,1.9,2.2,21.2
0,203081,00,0,61,61,40.3,8.2,19.9,0.412,3.3,8.8,0.369,6.0,6.8,0.887,0.7,3.8,4.5,6.2,1.2,0.3,3.1,2.3,25.7
0,1629642,00,0,3,0,3.0,0.3,1.3,0.25,0.3,1.3,0.25,0.7,1.3,0.5,0.0,0.3,0.3,0.0,0.0,0.3,0.3,0.0,1.7
0,1626172,00,0,42,6,19.5,2.5,3.9,0.624,0.0,0.0,0.0,0.7,1.2,0.58,2.0,2.4,4.4,0.9,0.6,0.5,0.5,2.4,5.6
0,201572,00,0,61,61,31.6,5.6,11.1,0.507,1.1,3.3,0.333,2.4,2.9,0.841,2.1,4.1,6.2,0.8,0.7,1.8,1.1,2.6,14.7
0,201577,00,0,36,28,23.4,3.5,6.1,0.575,0.0,0.0,0.0,1.4,1.8,0.769,2.8,2.9,5.6,0.5,0.3,1.0,0.8,2.4,8.4
0,201567,00,0,63,62,31.1,5.0,12.3,0.403,2.2,5.5,0.404,3.2,3.7,0.854,2.0,7.7,9.7,1.8,0.7,0.5,1.7,2.4,15.3
0,200768,00,0,97,84,35.0,5.2,12.3,0.419,1.9,5.5,0.342,3.3,4.1,0.793,0.8,3.8,4.6,5.8,1.4,0.2,2.5,3.5,15.5
0,1627789,00,0,11,3,14.2,2.1,6.3,0.333,1.4,4.1,0.333,1.0,1.1,0.917,0.1,1.5,1.6,0.7,0.3,0.0,0.8,1.4,6.5
0,1626168,00,0,5,0,3.5,0.6,2.0,0.3,0.2,0.8,0.25,0.0,0.0,0.0,0.2,0.4,0.6,0.6,0.2,0.0,0.2,0.4,1.4
0,1629611,00,0,32,6,12.7,1.8,3.4,0.514,0.5,1.2,0.41,0.6,0.9,0.714,0.5,1.3,1.8,0.5,0.3,0.2,0.2,1.4,4.6
0,1626246,00,0,28,3,11.1,2.5,4.3,0.57,0.0,0.1,0.0,1.4,1.6,0.826,1.3,2.9,4.2,0.8,0.1,0.3,0.9,1.8,6.3
0,1629726,00,0,3,0,5.7,0.0,1.3,0.0,0.0,1.3,0.0,1.3,1.7,0.8,0.0,0.7,0.7,0.0,0.0,0.0,0.0,1.3,1.3
0,202083,00,0,52,47,31.7,3.6,9.1,0.39,1.7,4.9,0.337,2.2,2.6,0.818,0.7,2.2,2.9,1.2,1.1,0.3,1.2,2.8,10.9
0,1630178,00,0,12,0,13.0,2.4,5.5,0.439,0.3,1.0,0.333,1.2,1.8,0.636,0.1,1.8,1.8,1.3,0.3,0.5,0.4,1.3,6.3
0,1630219,00,0,7,0,2.4,0.6,0.7,0.8,0.0,0.0,0.0,0.0,0.0,0.0,0.0,0.3,0.3,0.1,0.3,0.0,0.1,0.1,1.1
0,203468,00,0,57,47,35.1,7.7,17.5,0.439,2.2,5.8,0.384,2.5,3.2,0.773,0.7,3.5,4.2,2.8,0.8,0.4,1.9,2.4,20.0
0,204456,00,0,22,2,11.7,1.8,3.2,0.563,0.1,0.1,0.667,0.2,0.3,0.571,0.3,1.4,1.7,1.9,0.4,0.0,0.4,1.0,3.9
0,203926,00,0,15,0,10.6,1.1,3.1,0.348,0.7,2.1,0.313,0.3,0.4,0.667,0.3,0.7,1.0,0.5,0.1,0.1,0.2,0.5,3.1
0,201580,00,0,62,23,12.6,2.3,3.9,0.599,0.0,0.1,0.0,0.7,1.4,0.529,1.6,2.4,4.0,0.4,0.3,1.1,0.7,1.9,5.4
0,203585,00,0,9,0,3.5,0.4,1.0,0.444,0.2,0.6,0.4,0.0,0.0,0.0,0.1,0.8,0.9,0.2,0.0,0.0,0.0,0.3,1.1
0,203463,00,0,15,0,11.0,1.1,3.3,0.347,1.1,2.8,0.381,0.0,0.0,0.0,0.2,1.0,1.2,0.5,0.3,0.0,0.3,0.9,3.3
0,1629001,00,0,5,0,16.7,2.2,6.2,0.355,1.2,4.0,0.3,0.6,1.0,0.6,0.8,2.4,3.2,1.0,0.2,0.8,0.6,1.4,6.2
0,203114,00,0,67,67,37.8,7.3,16.6,0.436,2.5,6.4,0.39,3.2,3.7,0.861,0.7,5.6,6.3,4.6,1.3,0.2,2.6,3.0,20.2
0,201988,00,0,90,11,16.0,2.4,5.6,0.429,1.3,3.4,0.38,0.7,0.8,0.8,0.2,1.3,1.5,1.7,0.6,0.0,0.7,1.2,6.7
0,200794,00,0,129,75,27.5,4.4,9.6,0.457,0.5,1.8,0.286,2.9,4.0,0.726,2.2,4.6,6.8,1.7,0.9,1.1,1.6,2.9,12.2
0,1629003,00,0,16,4,15.4,2.3,5.7,0.396,1.1,2.8,0.409,1.3,1.4,0.909,0.1,1.3,1.4,1.3,0.3,0.1,1.1,1.9,6.9
0,1628378,00,0,33,33,36.8,9.9,22.6,0.436,3.6,9.2,0.394,5.5,6.4,0.862,0.8,4.3,5.1,4.6,1.3,0.3,3.3,2.5,28.8
0,202328,00,0,27,1,12.4,2.3,4.8,0.481,0.0,0.1,0.25,1.7,2.3,0.77,1.7,2.4,4.1,0.7,0.6,0.3,1.1,1.3,6.4
0,1629630,00,0,5,5,40.5,11.0,22.6,0.487,2.0,6.2,0.323,6.2,8.0,0.775,1.4,3.4,4.8,8.2,0.4,0.0,3.4,1.8,30.2
0,1629752,00,0,9,2,10.2,0.3,1.3,0.25,0.2,1.1,0.2,0.2,0.7,0.333,0.8,1.8,2.6,0.7,0.2,0.0,0.1,1.3,1.1
0,202693,00,0,49,22,21.2,2.7,6.5,0.423,1.0,2.7,0.369,1.1,1.3,0.8,1.1,3.2,4.3,1.2,0.5,0.6,1.0,2.8,7.5
0,1628420,00,0,43,5,21.3,3.5,7.8,0.445,0.7,2.2,0.301,1.3,1.8,0.763,0.3,1.3,1.7,3.3,0.6,0.1,0.5,1.1,8.9
0,202694,00,0,64,43,30.5,4.5,10.3,0.435,1.9,4.5,0.418,1.9,2.5,0.767,0.9,4.3,5.2,1.4,0.5,0.3,0.7,2.9,12.7
0,1627749,00,0,16,7,16.5,2.3,5.8,0.402,0.3,0.6,0.444,1.5,2.1,0.706,0.5,2.5,3.0,2.3,1.3,0.2,1.3,1.6,6.4
0,1627750,00,0,33,33,38.2,8.9,18.8,0.473,2.7,6.7,0.409,3.8,4.2,0.9,1.2,3.5,4.6,5.8,1.0,0.2,2.3,2.0,24.3
0,203488,00,0,29,0,9.5,1.2,2.6,0.48,0.2,0.7,0.263,0.3,0.3,0.9,0.7,1.2,1.9,0.2,0.1,0.2,0.3,1.1,3.0
0,1626204,00,0,20,0,15.4,2.1,3.0,0.683,0.0,0.1,0.0,0.7,1.6,0.452,1.8,2.8,4.5,0.9,0.8,0.7,0.6,1.8,4.8
0,1630174,00,0,5,0,15.0,1.0,3.6,0.278,0.8,2.8,0.286,0.4,0.4,1.0,0.4,2.2,2.6,0.2,0.2,0.2,0.4,1.4,3.2
0,203526,00,0,27,3,10.8,1.1,3.1,0.365,0.4,1.3,0.324,0.5,0.5,0.929,0.2,1.1,1.3,0.9,0.2,0.0,0.3,1.0,3.2
0,1627777,00,0,23,0,12.9,1.8,4.6,0.4,1.1,3.1,0.347,0.3,0.3,1.0,0.3,1.8,2.1,0.7,0.0,0.1,0.5,1.4,5.0
0,1630192,00,0,5,0,3.5,0.8,1.6,0.5,0.6,1.4,0.429,0.2,0.4,0.5,0.2,0.2,0.4,0.4,0.2,0.0,0.0,0.2,2.4
0,203457,00,0,17,2,14.7,1.5,2.8,0.532,0.0,0.1,0.0,1.1,1.6,0.643,1.5,2.5,4.0,0.2,0.5,0.6,0.6,2.3,4.0
0,1628373,00,0,3,0,1.2,0.0,0.3,0.0,0.0,0.3,0.0,0.0,0.0,0.0,0.0,0.0,0.0,0.0,0.0,0.0,0.0,0.0,0.0
0,1629134,00,0,19,2,17.5,2.8,7.1,0.393,0.9,3.2,0.279,0.5,0.5,1.0,0.2,1.8,2.0,1.4,0.3,0.2,0.8,1.3,7.0
0,203994,00,0,16,16,27.8,4.7,9.6,0.487,0.3,1.1,0.235,2.8,3.7,0.763,2.8,7.1,9.8,2.6,1.0,0.9,2.1,4.1,12.4
0,1629670,00,0,5,0,6.2,0.8,3.6,0.222,0.4,1.6,0.25,1.0,1.4,0.714,1.0,0.8,1.8,0.2,0.0,0.2,0.2,0.2,3.0
0,1626220,00,0,34,23,30.8,3.1,6.4,0.482,1.6,3.9,0.421,0.8,1.2,0.683,0.7,4.6,5.3,1.9,1.0,0.3,1.4,3.3,8.6
0,1630168,00,0,18,0,9.2,0.9,1.7,0.548,0.0,0.1,0.0,0.8,1.2,0.667,1.2,1.5,2.7,0.1,0.3,0.7,0.2,1.6,2.7
0,203506,00,0,16,16,35.3,6.0,15.3,0.393,2.6,7.2,0.357,3.2,3.9,0.81,0.3,5.9,6.2,3.9,2.1,0.4,2.8,2.6,17.8
0,203482,00,0,48,2,17.4,2.9,6.0,0.483,0.9,2.6,0.347,1.3,1.7,0.75,0.8,2.7,3.5,1.6,0.6,0.6,1.1,2.5,7.9
0,1626224,00,0,14,0,4.4,0.4,1.3,0.333,0.1,0.5,0.143,0.1,0.3,0.25,0.1,0.4,0.5,0.2,0.2,0.0,0.0,0.4,1.0
0,1626162,00,0,18,1,18.5,2.4,6.1,0.404,0.8,2.7,0.306,1.3,1.6,0.821,0.6,2.3,2.8,0.4,0.9,0.4,0.7,3.0,7.0
0,101108,00,0,129,129,36.8,7.6,15.8,0.481,1.7,4.5,0.374,3.8,4.4,0.85,0.7,4.2,5.0,8.3,2.0,0.2,2.6,3.0,20.7
0,1626166,00,0,33,2,14.7,2.7,6.7,0.407,0.8,2.4,0.35,0.5,0.7,0.818,0.2,1.6,1.8,2.4,0.6,0.4,1.0,1.4,6.8
0,203901,00,0,2,2,6.5,0.0,2.5,0.0,0.0,0.0,0.0,0.5,1.0,0.5,0.0,0.0,0.0,0.5,0.5,0.0,0.0,0.5,0.5
0,1629033,00,0,3,0,7.3,1.0,2.7,0.375,1.0,2.3,0.429,0.0,0.0,0.0,0.0,1.0,1.0,1.0,0.7,0.0,0.3,0.0,3.0
0,203486,00,0,60,11,14.9,1.4,3.0,0.461,0.0,0.0,0.0,1.0,1.7,0.559,1.7,3.1,4.7,1.7,0.4,0.6,0.9,2.6,3.7
0,1627751,00,0,22,7,15.6,2.0,3.5,0.577,0.0,0.1,0.0,0.9,1.4,0.667,2.1,2.5,4.6,0.8,0.3,0.5,0.5,2.5,5.0
0,1629008,00,0,29,13,27.0,4.9,10.3,0.475,2.2,5.6,0.389,1.5,1.9,0.768,1.1,5.4,6.5,1.0,0.8,0.3,1.4,2.6,13.4
0,203490,00,0,31,18,29.8,3.8,7.8,0.49,0.9,2.7,0.333,1.5,2.1,0.719,1.3,5.0,6.3,1.6,1.3,0.5,0.6,1.5,10.0
0,1626171,00,0,26,2,18.7,3.3,7.1,0.473,0.9,2.5,0.369,0.7,1.0,0.72,1.5,3.8,5.2,0.7,0.7,0.4,0.6,1.6,8.3
0,204001,00,0,10,10,32.7,5.5,11.2,0.491,1.7,4.4,0.386,3.6,4.2,0.857,1.0,5.4,6.4,1.1,0.9,0.8,0.6,2.8,16.3
0,203939,00,0,13,0,9.1,1.2,2.2,0.571,0.0,0.1,0.0,0.8,1.3,0.647,1.1,1.3,2.4,0.8,0.2,0.0,0.2,1.1,3.3
0,1626181,00,0,73,14,18.2,2.9,6.5,0.447,1.1,2.8,0.382,1.1,1.4,0.814,0.3,1.7,2.0,1.0,0.6,0.2,0.7,1.7,8.0
0,1627752,00,0,6,6,31.2,4.8,8.7,0.558,0.7,2.3,0.286,0.8,0.8,1.0,1.2,4.2,5.3,1.3,0.3,0.2,1.2,1.5,11.2
0,1630202,00,0,5,0,13.5,1.2,3.4,0.353,0.6,2.0,0.3,0.4,0.4,1.0,0.4,1.4,1.8,2.4,0.4,0.0,0.6,0.8,3.4
0,1630193,00,0,5,0,15.4,2.0,6.6,0.303,0.8,2.2,0.364,1.0,1.4,0.714,0.0,1.4,1.4,1.0,0.6,0.0,1.2,1.6,5.8
0,203944,00,0,5,5,36.1,5.6,18.8,0.298,2.2,6.6,0.333,4.6,5.4,0.852,2.2,9.4,11.6,4.0,0.6,0.0,4.6,3.6,18.0
0,1629629,00,0,4,0,23.0,4.8,9.0,0.528,2.3,3.5,0.643,1.0,1.3,0.8,0.3,3.3,3.5,1.8,1.5,0.5,1.3,2.8,12.8
0,1630194,00,0,3,0,3.5,0.7,1.3,0.5,0.0,0.0,0.0,0.0,0.0,0.0,1.0,1.7,2.7,0.0,0.0,0.3,0.0,0.3,1.3
0,1626196,00,0,30,9,25.1,2.6,7.1,0.371,1.2,3.4,0.35,1.4,1.6,0.875,0.7,2.3,3.0,1.8,0.7,0.7,1.0,2.5,7.9
0,203085,00,0,55,15,22.1,2.9,7.0,0.409,1.2,3.3,0.359,0.9,1.2,0.723,0.3,1.8,2.1,1.5,0.5,0.2,0.9,2.4,7.7
0,1629130,00,0,25,25,28.0,3.4,8.2,0.42,2.9,7.3,0.393,1.7,1.9,0.875,0.2,2.6,2.8,1.6,0.7,0.2,0.8,3.1,11.4
0,200765,00,0,134,105,34.0,5.0,11.4,0.44,0.5,1.5,0.33,1.9,2.9,0.649,1.4,4.1,5.6,8.5,1.7,0.2,2.6,2.4,12.5
0,201565,00,0,51,44,38.4,8.5,20.0,0.427,1.3,4.1,0.324,3.9,4.7,0.845,1.1,3.3,4.4,6.5,1.0,0.5,3.3,2.0,22.4
0,203082,00,0,41,11,21.5,3.0,7.6,0.387,1.3,4.2,0.31,1.0,1.4,0.75,0.2,2.1,2.2,0.7,0.8,0.4,1.1,2.0,8.2
0,1626179,00,0,50,19,24.7,3.4,8.6,0.393,1.5,4.6,0.335,1.5,1.9,0.809,0.5,3.5,4.0,3.3,0.8,0.3,0.9,1.6,9.8
0,201937,00,0,11,11,31.7,5.1,13.2,0.386,1.3,4.7,0.269,3.2,3.9,0.814,0.7,4.7,5.5,7.7,1.8,0.4,3.0,2.5,14.6
0,1626156,00,0,5,5,29.6,7.4,20.6,0.359,2.4,7.4,0.324,2.2,2.6,0.846,0.4,3.2,3.6,3.6,1.4,0.2,2.8,2.4,19.4
0,1627734,00,0,13,0,20.6,3.7,7.2,0.511,0.2,0.9,0.167,2.1,2.8,0.75,1.6,3.2,4.8,1.6,0.4,0.3,0.9,2.9,9.6
0,203967,00,0,24,10,19.8,3.3,7.7,0.432,1.2,2.9,0.4,2.0,2.3,0.87,1.7,2.8,4.5,2.0,0.5,0.2,0.9,2.0,9.8
0,203107,00,0,16,0,6.0,0.3,1.2,0.263,0.0,0.2,0.0,0.3,0.6,0.556,0.4,0.5,0.9,0.6,0.1,0.0,0.3,0.5,0.9
0,203471,00,0,52,12,24.5,4.8,11.4,0.424,1.3,3.9,0.323,2.3,2.8,0.823,0.4,2.0,2.4,3.9,0.6,0.1,1.8,2.1,13.3
0,1630206,00,0,6,0,1.3,0.0,0.0,0.0,0.0,0.0,0.0,0.0,0.0,0.0,0.0,0.2,0.2,0.0,0.0,0.0,0.0,0.0,0.0
0,1629013,00,0,31,10,20.1,1.8,4.5,0.399,1.1,3.2,0.354,0.6,0.7,0.864,0.1,1.6,1.8,1.1,0.5,0.1,0.8,1.7,5.3
0,1627783,00,0,47,35,31.9,5.9,12.9,0.456,0.9,3.4,0.261,2.4,3.3,0.732,1.4,4.9,6.2,2.5,0.8,0.6,1.3,2.7,15.1
0,1627732,00,0,34,34,35.1,5.6,9.9,0.571,0.0,0.1,0.0,2.6,5.0,0.52,1.9,6.1,8.0,7.5,1.4,0.9,3.0,3.5,13.9
0,1629014,00,0,15,0,13.4,1.5,3.9,0.379,1.1,2.3,0.5,0.6,0.7,0.818,0.3,1.5,1.8,1.0,0.6,0.1,0.3,1.0,4.7
0,203935,00,0,67,32,31.8,3.6,9.6,0.373,1.7,5.4,0.32,2.4,3.3,0.739,1.0,3.4,4.4,4.5,1.4,0.6,2.3,2.9,11.3
0,202397,00,0,19,0,11.5,1.5,4.5,0.329,0.2,0.7,0.214,0.2,0.2,0.75,0.1,1.5,1.6,1.7,0.6,0.2,0.6,1.1,3.3
0,1630188,00,0,6,0,2.9,0.3,0.7,0.5,0.2,0.2,1.0,0.0,0.0,0.0,0.3,0.5,0.8,0.2,0.0,0.0,0.2,0.3,0.8
0,203503,00,0,47,8,12.7,1.1,3.0,0.35,0.7,2.1,0.33,0.1,0.1,1.0,0.1,1.1,1.2,0.5,0.2,0.2,0.3,1.1,2.9
0,202362,00,0,57,38,30.6,4.4,9.8,0.448,1.1,3.2,0.33,1.2,1.9,0.67,0.8,4.9,5.6,3.2,0.8,0.1,1.8,2.5,11.1
0,1629622,00,0,2,0,2.9,0.0,0.5,0.0,0.0,0.0,0.0,0.0,0.0,0.0,0.0,0.0,0.0,0.0,0.0,0.0,0.0,0.0,0.0
0,1628369,00,0,50,50,37.1,7.3,16.4,0.445,1.9,5.3,0.356,5.1,6.2,0.831,0.8,6.0,6.8,3.5,1.1,0.9,2.4,2.5,21.6
0,202066,00,0,30,4,8.3,0.8,2.4,0.338,0.4,1.7,0.24,0.6,0.8,0.72,0.1,0.7,0.8,0.4,0.3,0.1,0.5,1.0,2.6
0,1628464,00,0,24,17,21.8,2.8,5.5,0.504,0.2,1.2,0.143,1.2,1.5,0.8,1.5,4.0,5.5,1.0,0.3,0.9,0.7,2.9,6.8
0,202738,00,0,25,21,34.4,7.0,17.4,0.406,2.1,6.9,0.302,6.4,7.6,0.842,0.3,2.8,3.1,6.3,0.8,0.3,3.1,2.5,22.6
0,1629744,00,0,13,0,7.0,1.0,1.8,0.565,0.4,0.9,0.417,0.0,0.0,0.0,0.1,1.1,1.2,0.5,0.1,0.1,0.1,0.5,2.4
0,202691,00,0,123,123,37.1,7.2,16.2,0.442,3.0,7.3,0.415,1.9,2.2,0.841,0.6,3.4,4.0,2.2,1.0,0.5,1.8,2.7,19.3
0,202684,00,0,83,70,29.6,2.9,5.2,0.566,0.0,0.0,0.0,2.0,3.1,0.625,3.8,4.8,8.6,0.8,0.3,0.8,0.8,2.2,7.8
0,1629680,00,0,16,2,18.4,1.8,3.7,0.475,0.8,2.4,0.316,0.1,0.3,0.4,0.3,1.2,1.5,0.3,1.2,0.8,0.3,2.2,4.4
0,1630214,00,0,3,0,5.9,0.3,1.7,0.2,0.0,0.3,0.0,0.0,0.0,0.0,0.3,0.7,1.0,0.3,0.3,0.0,0.3,0.7,0.7
0,1630167,00,0,5,0,13.1,2.4,4.6,0.522,0.6,1.8,0.333,1.0,1.2,0.833,0.8,1.8,2.6,0.4,0.0,0.2,0.6,1.2,6.4
0,1626157,00,0,5,5,33.9,5.6,12.0,0.467,0.6,2.2,0.273,3.4,4.6,0.739,3.0,10.4,13.4,2.2,0.4,1.0,2.4,2.8,15.2
0,1629018,00,0,5,1,30.6,3.2,9.0,0.356,2.0,4.8,0.417,1.2,1.4,0.857,1.0,1.0,2.0,0.6,0.8,0.0,1.0,3.2,9.6
0,200782,00,0,73,60,32.1,2.5,5.9,0.425,1.6,3.9,0.399,0.5,0.7,0.736,1.8,4.4,6.1,1.3,1.0,0.4,0.7,3.2,7.1
0,1629730,00,0,3,0,4.3,0.7,1.7,0.4,0.3,1.0,0.333,0.3,0.7,0.5,0.0,0.0,0.0,0.0,0.0,0.0,0.3,0.7,2.0
0,1626167,00,0,26,23,30.7,4.8,9.5,0.5,0.6,1.9,0.306,1.6,2.5,0.631,1.7,5.1,6.8,0.7,0.5,2.1,1.6,3.5,11.7
0,202685,00,0,48,41,26.3,5.3,9.4,0.558,0.1,0.3,0.286,2.3,3.0,0.757,2.8,6.7,9.5,0.9,0.4,1.0,1.7,2.6,12.9
0,1627832,00,0,48,12,24.3,3.3,8.4,0.396,1.9,5.0,0.378,1.1,1.3,0.813,0.3,1.8,2.1,3.2,0.8,0.3,1.0,1.8,9.6
0,1629020,00,0,3,0,1.6,0.0,0.0,0.0,0.0,0.0,0.0,0.0,0.0,0.0,0.0,0.3,0.3,0.0,0.0,0.3,0.0,0.0,0.0
0,1629216,00,0,4,0,4.8,0.5,0.8,0.667,0.3,0.5,0.5,0.0,0.0,0.0,0.0,0.3,0.3,0.5,0.0,0.0,0.3,0.0,1.3
0,202696,00,0,11,10,30.4,7.0,15.5,0.453,1.9,5.2,0.368,2.0,2.5,0.815,1.6,7.1,8.7,3.2,0.5,0.7,2.4,2.3,17.9
0,202689,00,0,31,31,36.5,6.7,16.3,0.412,2.2,6.8,0.324,4.0,4.6,0.868,0.3,3.5,3.8,4.8,1.1,0.5,2.2,2.2,19.6
0,1629022,00,0,6,0,3.5,0.5,1.3,0.375,0.0,0.2,0.0,0.0,0.0,0.0,0.0,0.3,0.3,0.5,0.0,0.0,0.0,0.0,1.0
0,202322,00,0,37,37,38.7,7.7,18.4,0.419,0.9,3.5,0.267,5.5,6.7,0.822,0.5,3.8,4.3,9.8,1.7,1.1,3.9,2.3,21.9
